id,message,created_time
877537817898324_656628886655886,,2023-12-05 11:13:38
877537817898324_650077717311003,,2023-11-22 15:01:33
877537817898324_621303596855082,,2023-09-30 05:04:08
877537817898324_376580087994102,,2022-08-29 14:52:41
877537817898324_364835112501933,,2022-08-12 03:17:06
877537817898324_356629833322461,,2022-07-30 14:04:02
877537817898324_353626970289414,,2022-07-26 04:32:26
877537817898324_352268663758578,"#nganhcanhquanvakythuathoavien
#thietkecanhquan",2022-07-24 02:36:44
877537817898324_344462271205884,,2022-07-12 13:54:07
877537817898324_343199407998837,,2022-07-10 16:11:03
877537817898324_340221974963247,,2022-07-06 09:28:07
877537817898324_335578408760937,,2022-06-29 06:38:34
877537817898324_331165952535516,,2022-06-23 02:40:14
877537817898324_326587582993353,#CNTT #DXCVietNam #Agile #Scrum,2022-06-16 08:56:52
877537817898324_301673312151447,"#LifeAtFPTSoftware
_ C·∫£m ∆°n v·ªÅ bu·ªïi tham quan FSoft. Em l√† sinh vi√™n nƒÉm nh·∫•t em kh√¥ng nghƒ© m√¨nh s·∫Ω ƒë∆∞·ª£c tr·∫£i nghi·ªám ƒëi tham quan m√¥i tr∆∞·ªùng l√†m vi·ªác c·ªßa c√°c anh ch·ªã FSoft.

_ C·∫£m nh·∫≠n c·ªßa em v·ªÅ m√¥i tr∆∞·ªùng l√†m vi·ªác r·∫•t tho·∫£i m√°i nh∆∞ ng√¥i nh√† c·ªßa m√¨nh v·∫≠y c√≥ m·ªëi tr∆∞·ªùng xanh v·ªõi nhi·ªÅu lo·∫°i c√¢y ƒë·ªÉ th∆∞ gi·∫£n, c√°c ph√≤ng v·ªõi t√™n c√°c d√≤ng s√¥ng, v√† khu v·ª±c mi·ªÅn T√¢y. V·ªÅ l√†m vi·ªác, khi ƒëi qua c√°c ph√≤ng l√†m vi·ªác c·ªßa anh, ch·ªã em th·∫•y m·ªçi ng∆∞·ªùi ƒë·ªÅu r·∫•t t·∫≠p trung v√† nh√¨n m·∫∑t r·∫•t cƒÉng ·∫°.

_ C√°c ch·ªã h∆∞·ªõng d·∫´n vi√™n r·∫•t nƒÉng ƒë·ªông v√† d·ªÉ th∆∞∆°ng v√† ch·ªâ em t·∫≠n t√¨nh v·ªÅ c√°c ph√≤ng c·ªßa FSoft, c√°c khi v·ª±c th∆∞ gi·∫£n v√† d√π ƒëi r·∫•t m·ªát nh∆∞ng c√°c ch·ªã v·∫´n c·ªë gƒÉng ƒë·ªÉ n√≥i v√† üòÄ.

_ Bu·ªïi giao l∆∞u v·ªõi anh,ch·ªã trong FSoft r·∫•t h·ªØu √≠ch quan tr·ªçng em bi·∫øt ƒë∆∞·ª£c m√¨nh n√™n ch·ªçn v√† ƒë·ªãnh h∆∞·ªõng v√†o l√†m vi·ªác ·ªü FPT t·ª´ s·ªõm v√† kh√¥ng ng·ª´ng trau d√†o h·ªçc h·ªèi.

_ C·∫£m ∆°n v·ªÅ bu·ªïi tham quan, em r·∫•t mong s·∫Ω ƒë∆∞·ª£c l√†m ƒë·ªìng nghi·ªáp v·ªõi c√°c anh, ch·ªã FSoft",2022-05-10 09:15:05
877537817898324_289525190032926,,2022-04-22 14:08:17
877537817898324_264367339215378,#ITHUTECH #WONDERFUL_iGEN,2022-03-15 06:55:10
877537817898324_261951806123598,,2022-03-11 12:55:37
877537817898324_256628803322565,,2022-03-03 02:55:29
877537817898324_251014440550668,,2022-02-22 12:05:49
877537817898324_250347293950716,Cu·ªën s√°ch ƒë·∫ßu ti√™n t√¥i ƒë·ªçc trong th√°ng 2 s·∫Ω r·∫•t th√∫ v·ªã khi ƒë·ªçc t·ª± truy·ªán c·ªßa tara westover nghe v·ªÅ cu·ªôc ƒë·ªùi c√¥ ·∫•y,2022-02-21 11:56:58
877537817898324_249840684001377,,2022-02-20 15:28:08
877537817898324_248082400843872,:)),2022-02-18 00:18:03
877537817898324_241447891507323,,2022-02-07 15:00:54
877537817898324_238607231791389,,2022-02-03 00:29:38
